include_full_gloss,canonical_gloss,folder_name,category,subcategory,in_include50_mspt,include50_label_id,example_video_path
bank,bank,35. Bank,Places_4of4,Places,yes,0,include-50/Places_4of4/Places/35. Bank/MVI_3335.MOV
big_large,big_large,83. big large,Adjectives_5of8,Adjectives,yes,1,include-50/Adjectives_5of8/Adjectives/83. big large/MVI_5123.MOV
bird,bird,4. Bird,Animals_1of2,Animals,yes,2,include-50/Animals_1of2/Animals/4. Bird/MVI_2987.MOV
black,black,54. Black,Colours_2of2,Colours,yes,3,include-50/Colours_2of2/Colours/54. Black/MVI_3740.MOV
boy,boy,77. Boy,People_4of5,People,yes,4,include-50/People_4of5/People/77. Boy/MVI_3814.MOV
brother,brother,66. Brother,People_2of5,People,yes,5,include-50/People_2of5/People/66. Brother/MVI_3778.MOV
car,car,11. Car,Means_of_Transportation_1of2,Means_of_Transportation,yes,6,include-50/Means_of_Transportation_1of2/Means_of_Transportation/11. Car/MVI_3116.MOV
cell_phone,cell_phone,54. Cell phone,Electronics_1of2,Electronics,yes,7,include-50/Electronics_1of2/Electronics/54. Cell phone/MVI_4537.MOV
court,court,23. Court,Places_2of4,Places,yes,8,include-50/Places_2of4/Places/23. Court/MVI_3284.MOV
cow,cow,5. Cow,Animals_1of2,Animals,yes,9,include-50/Animals_1of2/Animals/5. Cow/MVI_2990.MOV
death,death,2. Death,Society_1of3,Society,yes,10,include-50/Society_1of3/Society/2. Death/MVI_4255.MOV
dog,dog,1. Dog,Animals_1of2,Animals,yes,11,include-50/Animals_1of2/Animals/1. Dog/MVI_2978.MOV
dry,dry,97. dry,Adjectives_8of8,Adjectives,yes,12,include-50/Adjectives_8of8/Adjectives/97. dry/MVI_5167.MOV
election,election,14. Election,Society_2of3,Society,yes,13,include-50/Society_2of3/Society/14. Election/MVI_4304.MOV
fall,fall,64. Fall,Seasons_1of1,Seasons,yes,14,include-50/Seasons_1of1/Seasons/64. Fall/MVI_4577.MOV
fan,fan,53. Fan,Electronics_1of2,Electronics,yes,15,include-50/Electronics_1of2/Electronics/53. Fan/MVI_4532.MOV
father,father,61. Father,People_1of5,People,yes,16,include-50/People_1of5/People/61. Father/MVI_3763.MOV
girl,girl,78. Girl,People_4of5,People,yes,17,include-50/People_4of5/People/78. Girl/MVI_3817.MOV
good,good,94. good,Adjectives_7of8,Adjectives,yes,18,include-50/Adjectives_7of8/Adjectives/94. good/MVI_5158.MOV
good_morning,good_morning,51. Good Morning,Greetings_1of2,Greetings,yes,19,include-50/Greetings_1of2/Greetings/51. Good Morning/MVI_0042.MOV
happy,happy,3. happy,Adjectives_1of8,Adjectives,yes,20,include-50/Adjectives_1of8/Adjectives/3. happy/MVI_5183.MOV
hat,hat,37. Hat,Clothes_1of2,Clothes,yes,21,include-50/Clothes_1of2/Clothes/37. Hat/MVI_3688.MOV
hello,hello,48. Hello,Greetings_1of2,Greetings,yes,22,include-50/Greetings_1of2/Greetings/48. Hello/MVI_0029.MOV
hot,hot,87. hot,Adjectives_6of8,Adjectives,yes,23,include-50/Adjectives_6of8/Adjectives/87. hot/MVI_5136.MOV
house,house,19. House,Places_1of4,Places,yes,24,include-50/Places_1of4/Places/19. House/MVI_3267.MOV
i,i,40. I,Pronouns_1of2,Pronouns,yes,25,include-50/Pronouns_1of2/Pronouns/40. I/MVI_0001.MOV
it,it,44. it,Pronouns_1of2,Pronouns,yes,26,include-50/Pronouns_1of2/Pronouns/44. it/MVI_0013.MOV
long,long,78. long,Adjectives_4of8,Adjectives,yes,27,include-50/Adjectives_4of8/Adjectives/78. long/MVI_5106.MOV
loud,loud,1. loud,Adjectives_1of8,Adjectives,yes,28,include-50/Adjectives_1of8/Adjectives/1. loud/MVI_5177.MOV
monday,monday,67. Monday,Days_and_Time_1of3,Days_and_Time,yes,29,include-50/Days_and_Time_1of3/Days_and_Time/67. Monday/MVI_4591.MOV
new,new,91. new,Adjectives_6of8,Adjectives,yes,30,include-50/Adjectives_6of8/Adjectives/91. new/MVI_5148.MOV
paint,paint,40. Paint,Home_3of4,Home,yes,31,include-50/Home_3of4/Home/40. Paint/MVI_4412.MOV
pen,pen,34. Pen,Home_2of4,Home,yes,32,include-50/Home_2of4/Home/34. Pen/MVI_4387.MOV
priest,priest,91. Priest,Jobs_1of2,Jobs,yes,33,include-50/Jobs_1of2/Jobs/91. Priest/MVI_4486.MOV
quiet,quiet,2. quiet,Adjectives_1of8,Adjectives,yes,34,include-50/Adjectives_1of8/Adjectives/2. quiet/MVI_5180.MOV
red,red,47. Red,Colours_1of2,Colours,yes,35,include-50/Colours_1of2/Colours/47. Red/MVI_3719.MOV
shoes,shoes,44. Shoes,Clothes_2of2,Clothes,yes,36,include-50/Clothes_2of2/Clothes/44. Shoes/MVI_3710.MOV
short,short,79. short,Adjectives_4of8,Adjectives,yes,37,include-50/Adjectives_4of8/Adjectives/79. short/MVI_5110.MOV
small_little,small_little,84. small little,Adjectives_5of8,Adjectives,yes,38,include-50/Adjectives_5of8/Adjectives/84. small little/MVI_5126.MOV
store_or_shop,store_shop,28. Store or Shop,Places_3of4,Places,yes,39,include-50/Places_3of4/Places/28. Store or Shop/MVI_3307.MOV
summer,summer,61. Summer,Seasons_1of1,Seasons,yes,40,include-50/Seasons_1of1/Seasons/61. Summer/MVI_4565.MOV
teacher,teacher,84. Teacher,Jobs_1of2,Jobs,yes,41,include-50/Jobs_1of2/Jobs/84. Teacher/MVI_4457.MOV
thank_you,thank_you,55. Thank you,Greetings_2of2,Greetings,yes,42,include-50/Greetings_2of2/Greetings/55. Thank you/MVI_0006.MOV
time,time,86. Time,Days_and_Time_3of3,Days_and_Time,yes,43,include-50/Days_and_Time_3of3/Days_and_Time/86. Time/MVI_4667.MOV
train_ticket,train_ticket,16. train ticket,Means_of_Transportation_2of2,Means_of_Transportation,yes,44,include-50/Means_of_Transportation_2of2/Means_of_Transportation/16. train ticket/MVI_3132.MOV
t_shirt,tshirt,42. T-Shirt,Clothes_2of2,Clothes,yes,45,include-50/Clothes_2of2/Clothes/42. T-Shirt/MVI_3704.MOV
white,white,55. White,Colours_2of2,Colours,yes,46,include-50/Colours_2of2/Colours/55. White/MVI_3743.MOV
window,window,28. Window,Home_1of4,Home,yes,47,include-50/Home_1of4/Home/28. Window/MVI_4362.MOV
year,year,78. Year,Days_and_Time_2of3,Days_and_Time,yes,48,include-50/Days_and_Time_2of3/Days_and_Time/78. Year/MVI_4635.MOV
you_plural,you_plural,46. you (plural),Pronouns_2of2,Pronouns,yes,49,include-50/Pronouns_2of2/Pronouns/46. you (plural)/MVI_0021.MOV
actor,actor,98. Actor,Jobs_2of2,Jobs,no,,include-50/Jobs_2of2/Jobs/98. Actor/MVI_4516.MOV
adult,adult,80. Adult,People_5of5,People,no,,include-50/People_5of5/People/80. Adult/MVI_3823.MOV
afternoon,afternoon,83. Afternoon,Days_and_Time_3of3,Days_and_Time,no,,include-50/Days_and_Time_3of3/Days_and_Time/83. Afternoon/MVI_4655.MOV
alive,alive,34. alive,Adjectives_3of8,Adjectives,no,,include-50/Adjectives_3of8/Adjectives/34. alive/MVI_9703.MOV
alright,alright,50. Alright,Greetings_1of2,Greetings,no,,include-50/Greetings_1of2/Greetings/50. Alright/MVI_0037.MOV
animal,animal,8. Animal,Animals_2of2,Animals,no,,include-50/Animals_2of2/Animals/8. Animal/MVI_2999.MOV
artist,artist,94. Artist,Jobs_2of2,Jobs,no,,include-50/Jobs_2of2/Jobs/94. Artist/MVI_4500.MOV
attack,attack,13. Attack,Society_2of3,Society,no,,include-50/Society_2of3/Society/13. Attack/MVI_4299.MOV
author,author,95. Author,Jobs_2of2,Jobs,no,,include-50/Jobs_2of2/Jobs/95. Author/MVI_4504.MOV
baby,baby,63. Baby,People_2of5,People,no,,include-50/People_2of5/People/63. Baby/MVI_3769.MOV
bad,bad,95. bad,Adjectives_7of8,Adjectives,no,,include-50/Adjectives_7of8/Adjectives/95. bad/MVI_5161.MOV
bag,bag,45. Bag,Home_3of4,Home,no,,include-50/Home_3of4/Home/45. Bag/MVI_4432.MOV
ball,ball,19. Ball,Society_3of3,Society,no,,include-50/Society_3of3/Society/19. Ball/MVI_4324.MOV
bathroom,bathroom,32. Bathroom,Home_2of4,Home,no,,include-50/Home_2of4/Home/32. Bathroom/MVI_4378.MOV
beautiful,beautiful,5. Beautiful,Adjectives_1of8,Adjectives,no,,include-50/Adjectives_1of8/Adjectives/5. Beautiful/MVI_9569.MOV
bed,bed,26. Bed,Home_1of4,Home,no,,include-50/Home_1of4/Home/26. Bed/MVI_4352.MOV
bedroom,bedroom,30. Bedroom,Home_1of4,Home,no,,include-50/Home_1of4/Home/30. Bedroom/MVI_4370.MOV
bicycle,bicycle,13. Bicycle,Means_of_Transportation_1of2,Means_of_Transportation,no,,include-50/Means_of_Transportation_1of2/Means_of_Transportation/13. Bicycle/MVI_3122.MOV
bill,bill,5. Bill,Society_1of3,Society,no,,include-50/Society_1of3/Society/5. Bill/MVI_4267.MOV
blind,blind,8. Blind,Adjectives_1of8,Adjectives,no,,include-50/Adjectives_1of8/Adjectives/8. Blind/MVI_9584.MOV
blue,blue,49. Blue,Colours_1of2,Colours,no,,include-50/Colours_1of2/Colours/49. Blue/MVI_3725.MOV
boat,boat,15. Boat,Means_of_Transportation_2of2,Means_of_Transportation,no,,include-50/Means_of_Transportation_2of2/Means_of_Transportation/15. Boat/MVI_3129.MOV
book,book,37. Book,Home_2of4,Home,no,,include-50/Home_2of4/Home/37. Book/MVI_4399.MOV
box,box,46. Box,Home_4of4,Home,no,,include-50/Home_4of4/Home/46. Box/MVI_4437.MOV
brown,brown,51. Brown,Colours_1of2,Colours,no,,include-50/Colours_1of2/Colours/51. Brown/MVI_3731.MOV
bus,bus,14. Bus,Means_of_Transportation_2of2,Means_of_Transportation,no,,include-50/Means_of_Transportation_2of2/Means_of_Transportation/14. Bus/MVI_3126.MOV
camera,camera,58. Camera,Electronics_2of2,Electronics,no,,include-50/Electronics_2of2/Electronics/58. Camera/MVI_4553.MOV
card,card,48. Card,Home_4of4,Home,no,,include-50/Home_4of4/Home/48. Card/MVI_4445.MOV
cat,cat,2. Cat,Animals_1of2,Animals,no,,include-50/Animals_1of2/Animals/2. Cat/MVI_2981.MOV
chair,chair,25. Chair,Home_1of4,Home,no,,include-50/Home_1of4/Home/25. Chair/MVI_4348.MOV
cheap,cheap,16. cheap,Adjectives_2of8,Adjectives,no,,include-50/Adjectives_2of8/Adjectives/16. cheap/MVI_9617.MOV
child,child,79. Child,People_5of5,People,no,,include-50/People_5of5/People/79. Child/MVI_3820.MOV
city,city,18. City,Places_1of4,Places,no,,include-50/Places_1of4/Places/18. City/MVI_3263.MOV
clean,clean,29. clean,Adjectives_3of8,Adjectives,no,,include-50/Adjectives_3of8/Adjectives/29. clean/MVI_9679.MOV
clock,clock,51. Clock,Electronics_1of2,Electronics,no,,include-50/Electronics_1of2/Electronics/51. Clock/MVI_4524.MOV
clothing,clothing,46. Clothing,Clothes_2of2,Clothes,no,,include-50/Clothes_2of2/Clothes/46. Clothing/MVI_3716.MOV
cold,cold,88. cold,Adjectives_6of8,Adjectives,no,,include-50/Adjectives_6of8/Adjectives/88. cold/MVI_5139.MOV
colour,colour,57. Colour,Colours_2of2,Colours,no,,include-50/Colours_2of2/Colours/57. Colour/MVI_3750.MOV
computer,computer,55. Computer,Electronics_1of2,Electronics,no,,include-50/Electronics_1of2/Electronics/55. Computer/MVI_4541.MOV
cool,cool,90. cool,Adjectives_6of8,Adjectives,no,,include-50/Adjectives_6of8/Adjectives/90. cool/MVI_5145.MOV
crowd,crowd,83. Crowd,People_5of5,People,no,,include-50/People_5of5/People/83. Crowd/MVI_3832.MOV
curved,curved,18. curved,Adjectives_2of8,Adjectives,no,,include-50/Adjectives_2of8/Adjectives/18. curved/MVI_9633.MOV
daughter,daughter,59. Daughter,People_1of5,People,no,,include-50/People_1of5/People/59. Daughter/MVI_3756.MOV
dead,dead,33. dead,Adjectives_3of8,Adjectives,no,,include-50/Adjectives_3of8/Adjectives/33. dead/MVI_9699.MOV
deaf,deaf,7. Deaf,Adjectives_1of8,Adjectives,no,,include-50/Adjectives_1of8/Adjectives/7. Deaf/MVI_9580.MOV
deep,deep,27. deep,Adjectives_3of8,Adjectives,no,,include-50/Adjectives_3of8/Adjectives/27. deep/MVI_9670.MOV
dirty,dirty,30. dirty,Adjectives_3of8,Adjectives,no,,include-50/Adjectives_3of8/Adjectives/30. dirty/MVI_9684.MOV
doctor,doctor,87. Doctor,Jobs_1of2,Jobs,no,,include-50/Jobs_1of2/Jobs/87. Doctor/MVI_4470.MOV
door,door,29. Door,Home_1of4,Home,no,,include-50/Home_1of4/Home/29. Door/MVI_4366.MOV
dream,dream,27. Dream,Home_1of4,Home,no,,include-50/Home_1of4/Home/27. Dream/MVI_4357.MOV
dress,dress,38. Dress,Clothes_1of2,Clothes,no,,include-50/Clothes_1of2/Clothes/38. Dress/MVI_3693.MOV
energy,energy,10. Energy,Society_2of3,Society,no,,include-50/Society_2of3/Society/10. Energy/MVI_4287.MOV
evening,evening,84. Evening,Days_and_Time_3of3,Days_and_Time,no,,include-50/Days_and_Time_3of3/Days_and_Time/84. Evening/MVI_4659.MOV
ex_monsoon,ex_monsoon,Ex. Monsoon,Seasons_1of1,Seasons,no,,include-50/Seasons_1of1/Seasons/Ex. Monsoon/MVI_4671.MOV
exercise,exercise,18. Exercise,Society_3of3,Society,no,,include-50/Society_3of3/Society/18. Exercise/MVI_4320.MOV
expensive,expensive,15. expensive,Adjectives_2of8,Adjectives,no,,include-50/Adjectives_2of8/Adjectives/15. expensive/MVI_9613.MOV
extra,extra,Extra,Adjectives_1of8,Adjectives,no,,include-50/Adjectives_1of8/Adjectives/5. Beautiful/Extra/MVI_9573.MOV
family,family,68. Family,People_3of5,People,no,,include-50/People_3of5/People/68. Family/MVI_3787.MOV
famous,famous,39. famous,Adjectives_4of8,Adjectives,no,,include-50/Adjectives_4of8/Adjectives/39. famous/MVI_9715.MOV
fast,fast,86. fast,Adjectives_5of8,Adjectives,no,,include-50/Adjectives_5of8/Adjectives/86. fast/MVI_5133.MOV
female,female,20. female,Adjectives_2of8,Adjectives,no,,include-50/Adjectives_2of8/Adjectives/20. female/MVI_9642.MOV
fish,fish,3. Fish,Animals_1of2,Animals,no,,include-50/Animals_1of2/Animals/3. Fish/MVI_2984.MOV
flat,flat,17. flat,Adjectives_2of8,Adjectives,no,,include-50/Adjectives_2of8/Adjectives/17. flat/MVI_9621.MOV
friday,friday,71. Friday,Days_and_Time_1of3,Days_and_Time,no,,include-50/Days_and_Time_1of3/Days_and_Time/71. Friday/MVI_4607.MOV
friend,friend,81. Friend,People_5of5,People,no,,include-50/People_5of5/People/81. Friend/MVI_3826.MOV
gift,gift,47. Gift,Home_4of4,Home,no,,include-50/Home_4of4/Home/47. Gift/MVI_4441.MOV
god,god,23. God,Society_3of3,Society,no,,include-50/Society_3of3/Society/23. God/MVI_4340.MOV
good_afternoon,good_afternoon,52. Good afternoon,Greetings_1of2,Greetings,no,,include-50/Greetings_1of2/Greetings/52. Good afternoon/MVI_0046.MOV
good_evening,good_evening,53. Good evening,Greetings_2of2,Greetings,no,,include-50/Greetings_2of2/Greetings/53. Good evening/MVI_0001.MOV
good_night,good_night,54. Good night,Greetings_2of2,Greetings,no,,include-50/Greetings_2of2/Greetings/54. Good night/MVI_0002.MOV
grandfather,grandfather,69. Grandfather,People_3of5,People,no,,include-50/People_3of5/People/69. Grandfather/MVI_3790.MOV
grandmother,grandmother,70. Grandmother,People_3of5,People,no,,include-50/People_3of5/People/70. Grandmother/MVI_3793.MOV
green,green,48. Green,Colours_1of2,Colours,no,,include-50/Colours_1of2/Colours/48. Green/MVI_3722.MOV
grey,grey,56. Grey,Colours_2of2,Colours,no,,include-50/Colours_2of2/Colours/56. Grey/MVI_3746.MOV
ground,ground,34. Ground,Places_4of4,Places,no,,include-50/Places_4of4/Places/34. Ground/MVI_3331.MOV
gun,gun,16. Gun,Society_2of3,Society,no,,include-50/Society_2of3/Society/16. Gun/MVI_4312.MOV
hard,hard,26. hard,Adjectives_3of8,Adjectives,no,,include-50/Adjectives_3of8/Adjectives/26. hard/MVI_9666.MOV
he,he,42. he,Pronouns_1of2,Pronouns,no,,include-50/Pronouns_1of2/Pronouns/42. he/MVI_0005.MOV
healthy,healthy,99. healthy,Adjectives_8of8,Adjectives,no,,include-50/Adjectives_8of8/Adjectives/99. healthy/MVI_5173.MOV
heavy,heavy,35. heavy,Adjectives_3of8,Adjectives,no,,include-50/Adjectives_3of8/Adjectives/35. heavy/MVI_9707.MOV
high,high,23. high,Adjectives_3of8,Adjectives,no,,include-50/Adjectives_3of8/Adjectives/23. high/MVI_9654.MOV
horse,horse,7. Horse,Animals_2of2,Animals,no,,include-50/Animals_2of2/Animals/7. Horse/MVI_2996.MOV
hospital,hospital,30. Hospital,Places_3of4,Places,no,,include-50/Places_3of4/Places/30. Hospital/MVI_3315.MOV
hour,hour,79. Hour,Days_and_Time_2of3,Days_and_Time,no,,include-50/Days_and_Time_2of3/Days_and_Time/79. Hour/MVI_4639.MOV
how_are_you,how_are_you,49. How are you,Greetings_1of2,Greetings,no,,include-50/Greetings_1of2/Greetings/49. How are you/MVI_0033.MOV
husband,husband,71. Husband,People_3of5,People,no,,include-50/People_3of5/People/71. Husband/MVI_3796.MOV
india,india,33. India,Places_4of4,Places,no,,include-50/Places_4of4/Places/33. India/MVI_3327.MOV
job,job,99. Job,Jobs_2of2,Jobs,no,,include-50/Jobs_2of2/Jobs/99. Job/MVI_4520.MOV
key,key,39. Key,Home_3of4,Home,no,,include-50/Home_3of4/Home/39. Key/MVI_4408.MOV
king,king,73. King,People_3of5,People,no,,include-50/People_3of5/People/73. King/MVI_3802.MOV
kitchen,kitchen,31. Kitchen,Home_2of4,Home,no,,include-50/Home_2of4/Home/31. Kitchen/MVI_4374.MOV
lamp,lamp,52. Lamp,Electronics_1of2,Electronics,no,,include-50/Electronics_1of2/Electronics/52. Lamp/MVI_4528.MOV
laptop,laptop,56. Laptop,Electronics_2of2,Electronics,no,,include-50/Electronics_2of2/Electronics/56. Laptop/MVI_4545.MOV
lawyer,lawyer,86. Lawyer,Jobs_1of2,Jobs,no,,include-50/Jobs_1of2/Jobs/86. Lawyer/MVI_4466.MOV
letter,letter,41. Letter,Home_3of4,Home,no,,include-50/Home_3of4/Home/41. Letter/MVI_4416.MOV
library,library,29. Library,Places_3of4,Places,no,,include-50/Places_3of4/Places/29. Library/MVI_3311.MOV
light,light,36. light,Adjectives_4of8,Adjectives,no,,include-50/Adjectives_4of8/Adjectives/36. light/MVI_9711.MOV
location,location,36. Location,Places_4of4,Places,no,,include-50/Places_4of4/Places/36. Location/MVI_3341.MOV
lock,lock,43. Lock,Home_3of4,Home,no,,include-50/Home_3of4/Home/43. Lock/MVI_4424.MOV
loose,loose,22. loose,Adjectives_2of8,Adjectives,no,,include-50/Adjectives_2of8/Adjectives/22. loose/MVI_9650.MOV
low,low,24. low,Adjectives_3of8,Adjectives,no,,include-50/Adjectives_3of8/Adjectives/24. low/MVI_9658.MOV
male,male,19. male,Adjectives_2of8,Adjectives,no,,include-50/Adjectives_2of8/Adjectives/19. male/MVI_9637.MOV
man,man,64. Man,People_2of5,People,no,,include-50/People_2of5/People/64. Man/MVI_3772.MOV
manager,manager,96. Manager,Jobs_2of2,Jobs,no,,include-50/Jobs_2of2/Jobs/96. Manager/MVI_4508.MOV
market,market,32. Market,Places_3of4,Places,no,,include-50/Places_3of4/Places/32. Market/MVI_3323.MOV
marriage,marriage,6. Marriage,Society_1of3,Society,no,,include-50/Society_1of3/Society/6. Marriage/MVI_4271.MOV
mean,mean,10. Mean,Adjectives_2of8,Adjectives,no,,include-50/Adjectives_2of8/Adjectives/10. Mean/MVI_9592.MOV
medicine,medicine,3. Medicine,Society_1of3,Society,no,,include-50/Society_1of3/Society/3. Medicine/MVI_4259.MOV
minute,minute,80. Minute,Days_and_Time_2of3,Days_and_Time,no,,include-50/Days_and_Time_2of3/Days_and_Time/80. Minute/MVI_4643.MOV
money,money,4. Money,Society_1of3,Society,no,,include-50/Society_1of3/Society/4. Money/MVI_4263.MOV
month,month,77. Month,Days_and_Time_2of3,Days_and_Time,no,,include-50/Days_and_Time_2of3/Days_and_Time/77. Month/MVI_4631.MOV
morning,morning,82. Morning,Days_and_Time_3of3,Days_and_Time,no,,include-50/Days_and_Time_3of3/Days_and_Time/82. Morning/MVI_4651.MOV
mother,mother,60. Mother,People_1of5,People,no,,include-50/People_1of5/People/60. Mother/MVI_3760.MOV
mouse,mouse,6. Mouse,Animals_2of2,Animals,no,,include-50/Animals_2of2/Animals/6. Mouse/MVI_2993.MOV
narrow,narrow,82. narrow,Adjectives_5of8,Adjectives,no,,include-50/Adjectives_5of8/Adjectives/82. narrow/MVI_5120.MOV
neighbour,neighbour,76. Neighbour,People_4of5,People,no,,include-50/People_4of5/People/76. Neighbour/MVI_3811.MOV
newspaper,newspaper,15. Newspaper,Society_2of3,Society,no,,include-50/Society_2of3/Society/15. Newspaper/MVI_4308.MOV
nice,nice,9. Nice,Adjectives_2of8,Adjectives,no,,include-50/Adjectives_2of8/Adjectives/9. Nice/MVI_9588.MOV
night,night,85. Night,Days_and_Time_3of3,Days_and_Time,no,,include-50/Days_and_Time_3of3/Days_and_Time/85. Night/MVI_4663.MOV
office,office,25. Office,Places_2of4,Places,no,,include-50/Places_2of4/Places/25. Office/MVI_3294.MOV
old,old,92. old,Adjectives_7of8,Adjectives,no,,include-50/Adjectives_7of8/Adjectives/92. old/MVI_5152.MOV
orange,orange,53. Orange,Colours_2of2,Colours,no,,include-50/Colours_2of2/Colours/53. Orange/MVI_3737.MOV
page,page,38. Page,Home_2of4,Home,no,,include-50/Home_2of4/Home/38. Page/MVI_4403.MOV
pant,pant,43. Pant,Clothes_2of2,Clothes,no,,include-50/Clothes_2of2/Clothes/43. Pant/MVI_3707.MOV
paper,paper,42. Paper,Home_3of4,Home,no,,include-50/Home_3of4/Home/42. Paper/MVI_4420.MOV
parent,parent,62. Parent,People_1of5,People,no,,include-50/People_1of5/People/62. Parent/MVI_3766.MOV
park,park,27. Park,Places_2of4,Places,no,,include-50/Places_2of4/Places/27. Park/MVI_3302.MOV
patient,patient,88. Patient,Jobs_1of2,Jobs,no,,include-50/Jobs_1of2/Jobs/88. Patient/MVI_4474.MOV
peace,peace,12. Peace,Society_2of3,Society,no,,include-50/Society_2of3/Society/12. Peace/MVI_4295.MOV
pencil,pencil,33. Pencil,Home_2of4,Home,no,,include-50/Home_2of4/Home/33. Pencil/MVI_4383.MOV
photograph,photograph,35. Photograph,Home_2of4,Home,no,,include-50/Home_2of4/Home/35. Photograph/MVI_4391.MOV
pink,pink,52. Pink,Colours_2of2,Colours,no,,include-50/Colours_2of2/Colours/52. Pink/MVI_3734.MOV
plane,plane,10. Plane,Means_of_Transportation_1of2,Means_of_Transportation,no,,include-50/Means_of_Transportation_1of2/Means_of_Transportation/10. Plane/MVI_3113.MOV
player,player,82. Player,People_5of5,People,no,,include-50/People_5of5/People/82. Player/MVI_3829.MOV
pleased,pleased,56. Pleased,Greetings_2of2,Greetings,no,,include-50/Greetings_2of2/Greetings/56. Pleased/MVI_0009.MOV
pocket,pocket,45. Pocket,Clothes_2of2,Clothes,no,,include-50/Clothes_2of2/Clothes/45. Pocket/MVI_3713.MOV
police,police,92. Police,Jobs_2of2,Jobs,no,,include-50/Jobs_2of2/Jobs/92. Police/MVI_4491.MOV
poor,poor,12. poor,Adjectives_2of8,Adjectives,no,,include-50/Adjectives_2of8/Adjectives/12. poor/MVI_9600.MOV
president,president,75. President,People_4of5,People,no,,include-50/People_4of5/People/75. President/MVI_3808.MOV
price,price,20. Price,Society_3of3,Society,no,,include-50/Society_3of3/Society/20. Price/MVI_4328.MOV
queen,queen,74. Queen,People_4of5,People,no,,include-50/People_4of5/People/74. Queen/MVI_3805.MOV
race_ethnicity,race_ethnicity,8. Race (ethnicity),Society_1of3,Society,no,,include-50/Society_1of3/Society/8. Race (ethnicity)/MVI_4279.MOV
radio,radio,60. Radio,Electronics_2of2,Electronics,no,,include-50/Electronics_2of2/Electronics/60. Radio/MVI_4561.MOV
religion,religion,1. Religion,Society_1of3,Society,no,,include-50/Society_1of3/Society/1. Religion/MVI_4251.MOV
reporter,reporter,97. Reporter,Jobs_2of2,Jobs,no,,include-50/Jobs_2of2/Jobs/97. Reporter/MVI_4512.MOV
restaurant,restaurant,22. Restaurant,Places_1of4,Places,no,,include-50/Places_1of4/Places/22. Restaurant/MVI_3280.MOV
rich,rich,11. rich,Adjectives_2of8,Adjectives,no,,include-50/Adjectives_2of8/Adjectives/11. rich/MVI_9596.MOV
ring,ring,49. Ring,Home_4of4,Home,no,,include-50/Home_4of4/Home/49. Ring/MVI_4449.MOV
sad,sad,4. sad,Adjectives_1of8,Adjectives,no,,include-50/Adjectives_1of8/Adjectives/4. sad/MVI_9565.MOV
saturday,saturday,72. Saturday,Days_and_Time_1of3,Days_and_Time,no,,include-50/Days_and_Time_1of3/Days_and_Time/72. Saturday/MVI_4611.MOV
school,school,24. School,Places_2of4,Places,no,,include-50/Places_2of4/Places/24. School/MVI_3290.MOV
science,science,22. Science,Society_3of3,Society,no,,include-50/Society_3of3/Society/22. Science/MVI_4336.MOV
screen,screen,57. Screen,Electronics_2of2,Electronics,no,,include-50/Electronics_2of2/Electronics/57. Screen/MVI_4549.MOV
season,season,65. Season,Seasons_1of1,Seasons,no,,include-50/Seasons_1of1/Seasons/65. Season/MVI_4581.MOV
second,second,81. Second,Days_and_Time_3of3,Days_and_Time,no,,include-50/Days_and_Time_3of3/Days_and_Time/81. Second/MVI_5056.MOV
secretary,secretary,90. Secretary,Jobs_1of2,Jobs,no,,include-50/Jobs_1of2/Jobs/90. Secretary/MVI_4482.MOV
shallow,shallow,28. shallow,Adjectives_3of8,Adjectives,no,,include-50/Adjectives_3of8/Adjectives/28. shallow/MVI_9674.MOV
she,she,43. she,Pronouns_1of2,Pronouns,no,,include-50/Pronouns_1of2/Pronouns/43. she/MVI_0009.MOV
shirt,shirt,41. Shirt,Clothes_1of2,Clothes,no,,include-50/Clothes_1of2/Clothes/41. Shirt/MVI_3701.MOV
sick,sick,98. sick,Adjectives_8of8,Adjectives,no,,include-50/Adjectives_8of8/Adjectives/98. sick/MVI_5170.MOV
sign,sign,21. Sign,Society_3of3,Society,no,,include-50/Society_3of3/Society/21. Sign/MVI_4332.MOV
sister,sister,67. Sister,People_2of5,People,no,,include-50/People_2of5/People/67. Sister/MVI_3782.MOV
skirt,skirt,40. Skirt,Clothes_1of2,Clothes,no,,include-50/Clothes_1of2/Clothes/40. Skirt/MVI_3699.MOV
slow,slow,85. slow,Adjectives_5of8,Adjectives,no,,include-50/Adjectives_5of8/Adjectives/85. slow/MVI_5130.MOV
soap,soap,36. Soap,Home_2of4,Home,no,,include-50/Home_2of4/Home/36. Soap/MVI_4395.MOV
soft,soft,25. soft,Adjectives_3of8,Adjectives,no,,include-50/Adjectives_3of8/Adjectives/25. soft/MVI_9662.MOV
soldier,soldier,93. Soldier,Jobs_2of2,Jobs,no,,include-50/Jobs_2of2/Jobs/93. Soldier/MVI_4495.MOV
son,son,58. Son,People_1of5,People,no,,include-50/People_1of5/People/58. Son/MVI_3753.MOV
sport,sport,17. Sport,Society_3of3,Society,no,,include-50/Society_3of3/Society/17. Sport/MVI_4316.MOV
spring,spring,62. Spring,Seasons_1of1,Seasons,no,,include-50/Seasons_1of1/Seasons/62. Spring/MVI_4569.MOV
street_or_road,street_or_road,20. Street or Road,Places_1of4,Places,no,,include-50/Places_1of4/Places/20. Street or Road/MVI_3271.MOV
strong,strong,31. strong,Adjectives_3of8,Adjectives,no,,include-50/Adjectives_3of8/Adjectives/31. strong/MVI_9690.MOV
student,student,85. Student,Jobs_1of2,Jobs,no,,include-50/Jobs_1of2/Jobs/85. Student/MVI_4462.MOV
suit,suit,39. Suit,Clothes_1of2,Clothes,no,,include-50/Clothes_1of2/Clothes/39. Suit/MVI_3697.MOV
sunday,sunday,66. Sunday,Days_and_Time_1of3,Days_and_Time,no,,include-50/Days_and_Time_1of3/Days_and_Time/66. Sunday/MVI_4586.MOV
table,table,24. Table,Home_1of4,Home,no,,include-50/Home_1of4/Home/24. Table/MVI_4344.MOV
tall,tall,80. tall,Adjectives_4of8,Adjectives,no,,include-50/Adjectives_4of8/Adjectives/80. tall/MVI_5114.MOV
team,team,7. Team,Society_1of3,Society,no,,include-50/Society_1of3/Society/7. Team/MVI_4275.MOV
technology,technology,9. Technology,Society_2of3,Society,no,,include-50/Society_2of3/Society/9. Technology/MVI_4283.MOV
telephone,telephone,44. Telephone,Home_3of4,Home,no,,include-50/Home_3of4/Home/44. Telephone/MVI_4428.MOV
television,television,59. Television,Electronics_2of2,Electronics,no,,include-50/Electronics_2of2/Electronics/59. Television/MVI_4557.MOV
temple,temple,31. Temple,Places_3of4,Places,no,,include-50/Places_3of4/Places/31. Temple/MVI_3319.MOV
they,they,47. they,Pronouns_2of2,Pronouns,no,,include-50/Pronouns_2of2/Pronouns/47. they/MVI_0025.MOV
thick,thick,13. thick,Adjectives_2of8,Adjectives,no,,include-50/Adjectives_2of8/Adjectives/13. thick/MVI_9605.MOV
thin,thin,14. thin,Adjectives_2of8,Adjectives,no,,include-50/Adjectives_2of8/Adjectives/14. thin/MVI_9609.MOV
thursday,thursday,70. Thursday,Days_and_Time_1of3,Days_and_Time,no,,include-50/Days_and_Time_1of3/Days_and_Time/70. Thursday/MVI_4603.MOV
tight,tight,21. tight,Adjectives_2of8,Adjectives,no,,include-50/Adjectives_2of8/Adjectives/21. tight/MVI_9646.MOV
today,today,73. Today,Days_and_Time_1of3,Days_and_Time,no,,include-50/Days_and_Time_1of3/Days_and_Time/73. Today/MVI_4615.MOV
tomorrow,tomorrow,74. Tomorrow,Days_and_Time_2of3,Days_and_Time,no,,include-50/Days_and_Time_2of3/Days_and_Time/74. Tomorrow/MVI_4619.MOV
tool,tool,50. Tool,Home_4of4,Home,no,,include-50/Home_4of4/Home/50. Tool/MVI_4453.MOV
train,train,9. Train,Means_of_Transportation_1of2,Means_of_Transportation,no,,include-50/Means_of_Transportation_1of2/Means_of_Transportation/9. Train/MVI_3110.MOV
train_station,train_station,21. Train Station,Places_1of4,Places,no,,include-50/Places_1of4/Places/21. Train Station/MVI_3275.MOV
transportation,transportation,17. Transportation,Means_of_Transportation_2of2,Means_of_Transportation,no,,include-50/Means_of_Transportation_2of2/Means_of_Transportation/17. Transportation/MVI_3135.MOV
truck,truck,12. Truck,Means_of_Transportation_1of2,Means_of_Transportation,no,,include-50/Means_of_Transportation_1of2/Means_of_Transportation/12. Truck/MVI_3119.MOV
tuesday,tuesday,68. Tuesday,Days_and_Time_1of3,Days_and_Time,no,,include-50/Days_and_Time_1of3/Days_and_Time/68. Tuesday/MVI_4595.MOV
ugly,ugly,6. Ugly,Adjectives_1of8,Adjectives,no,,include-50/Adjectives_1of8/Adjectives/6. Ugly/MVI_9576.MOV
university,university,26. University,Places_2of4,Places,no,,include-50/Places_2of4/Places/26. University/MVI_3298.MOV
waiter,waiter,89. Waiter,Jobs_1of2,Jobs,no,,include-50/Jobs_1of2/Jobs/89. Waiter/MVI_4478.MOV
war,war,11. War,Society_2of3,Society,no,,include-50/Society_2of3/Society/11. War/MVI_4291.MOV
warm,warm,89. warm,Adjectives_6of8,Adjectives,no,,include-50/Adjectives_6of8/Adjectives/89. warm/MVI_5141.MOV
we,we,45. we,Pronouns_2of2,Pronouns,no,,include-50/Pronouns_2of2/Pronouns/45. we/MVI_0017.MOV
weak,weak,32. weak,Adjectives_3of8,Adjectives,no,,include-50/Adjectives_3of8/Adjectives/32. weak/MVI_9694.MOV
wednesday,wednesday,69. Wednesday,Days_and_Time_1of3,Days_and_Time,no,,include-50/Days_and_Time_1of3/Days_and_Time/69. Wednesday/MVI_4599.MOV
week,week,76. Week,Days_and_Time_2of3,Days_and_Time,no,,include-50/Days_and_Time_2of3/Days_and_Time/76. Week/MVI_4627.MOV
wet,wet,96. wet,Adjectives_7of8,Adjectives,no,,include-50/Adjectives_7of8/Adjectives/96. wet/MVI_5164.MOV
wide,wide,81. wide,Adjectives_4of8,Adjectives,no,,include-50/Adjectives_4of8/Adjectives/81. wide/MVI_5117.MOV
wife,wife,72. Wife,People_3of5,People,no,,include-50/People_3of5/People/72. Wife/MVI_3799.MOV
winter,winter,63. Winter,Seasons_1of1,Seasons,no,,include-50/Seasons_1of1/Seasons/63. Winter/MVI_4573.MOV
woman,woman,65. Woman,People_2of5,People,no,,include-50/People_2of5/People/65. Woman/MVI_3775.MOV
yellow,yellow,50. Yellow,Colours_1of2,Colours,no,,include-50/Colours_1of2/Colours/50. Yellow/MVI_3728.MOV
yesterday,yesterday,75. Yesterday,Days_and_Time_2of3,Days_and_Time,no,,include-50/Days_and_Time_2of3/Days_and_Time/75. Yesterday/MVI_4623.MOV
you,you,41. you,Pronouns_1of2,Pronouns,no,,include-50/Pronouns_1of2/Pronouns/41. you/MVI_0015.MOV
young,young,93. young,Adjectives_7of8,Adjectives,no,,include-50/Adjectives_7of8/Adjectives/93. young/MVI_5155.MOV
